{"intents": [
    {"tag": "greeting",
      "patterns": ["Hi", "How are you", "Is anyone there?", "Hello", "Good day", "Whats up", "Hey", "greetings"],
      "responses": ["Hello!", "Good to see you again!", "Hi there, how can I help?"]
    },
    {"tag": "goodbye",
    "patterns": ["bye", "cya", "goodbye", "I have to go now", "see you later"],
    "responses": ["Goodbye sir", "Bye sir I hope you have a good day", "See you soon!"]
    },
    {"tag":"plot_chart",
    "patterns": ["Please plot a new stock price", "I want you to plot a new stock price", "Plot a new stock price", "Plot a stock"],
    "responses": ["Plotting Stock"]
    },
    {"tag": "add_portfolio",
    "patterns": ["Add a new stcok price to my portfolio", "Add a stock", "Add a stock to my list", "I want to add a new stock to my list", "I want to add something to my list"],
    "responses": ["Adding Stock"]
    },
    {"tag": "remove_portfolio",
    "patterns": ["Remove a stock from my protfolio", "Remove stock", "Remove a stock from my list", "I want to remove a stock from my list", "I want to add something from my list"],
    "responses": ["Removing Stock"]
    },
    {"tag": "show_portfolio",
    "patterns": ["Show me my portfolio", "Show portfolio", "Show my portfolio", "Show me the items in my portfolio"],
    "responses": ["Showing Portfolio"]
    },
    {"tag": "stock_price",
    "patterns": ["Show me a stock price", "I want to know the price of a stock", "I want to know a stocks price", "I want to know stock prices"],
    "responses": ["Showing Stock Prices"]
    },
    {"tag": "portfolio_worth",
    "patterns": ["I want to know the value of my portfolio", "I want to know my portfolios worth", "Show me how much my portfolio is worth", "How much is my portfolio worth?"],
    "responses": ["Showing Portfolio Worth"]
    },
    {"tag": "portfolio_gains",
    "patterns": ["How is my portfolio perfomering?", "What are the gains on my portfolio?", "How are my gains?", "Is my portfolio performing well?", "Is my portfolio doing well", "What are my gains?"],
    "responses": ["Showing Portfolio Gains"]
    }
]
}